"BU","Soton","Oxford"
101.3708,112.28569,105.39426
98.90038,92.33469,102.64322
99.35124,110.97803,85.54996
110.41595,121.00897,85.18428
113.22132,114.35717,121.77122
95.67537,126.07178,95.09605
113.69695,110.15121,86.46963
114.53939,96.40311,77.37942
98.88912,126.64088,111.85448
55.56055,114.37858,94.99734
